categories,language,url
['Education'],Unknown,https://www.youtube.com/watch?v=69bd1R7yQYg
['Entertainment'],en,https://www.youtube.com/watch?v=3rkm6_qVcEk
['Sports'],en,https://www.youtube.com/watch?v=59js9KuXj-o
['News & Politics'],en,https://www.youtube.com/watch?v=4FOgsZYo_60
['Education'],Unknown,https://www.youtube.com/watch?v=6KI_qcZYljM
['Entertainment'],en,https://www.youtube.com/watch?v=4USVnvzarHQ
['Entertainment'],en,https://www.youtube.com/watch?v=3jh2Ct_6T9s
['People & Blogs'],en,https://www.youtube.com/watch?v=5wKBlyvXDqI
['Education'],en,https://www.youtube.com/watch?v=6bCA4rFxC24
['Education'],en,https://www.youtube.com/watch?v=5zWTE3DMkiY
['Gaming'],en,https://www.youtube.com/watch?v=6a-gIF2gxlA
['Entertainment'],en,https://www.youtube.com/watch?v=6bSgLCEdQcs
['People & Blogs'],en,https://www.youtube.com/watch?v=5ivhtk6Sak0
['Howto & Style'],en,https://www.youtube.com/watch?v=3h7Tp_GAVC0
['Science & Technology'],en,https://www.youtube.com/watch?v=3cd3slILXEc
['Science & Technology'],en,https://www.youtube.com/watch?v=3NTyLhxc79o
['Science & Technology'],en,https://www.youtube.com/watch?v=3Mv-NtwzJIU
['News & Politics'],en,https://www.youtube.com/watch?v=4E9nD4jG8eU
['Science & Technology'],en,https://www.youtube.com/watch?v=3ekOtkuPM_M
['Science & Technology'],en,https://www.youtube.com/watch?v=3LLa7ORORFw
['People & Blogs'],Unknown,https://www.youtube.com/watch?v=5XlVTOZtXGQ
['Education'],hi,https://www.youtube.com/watch?v=5nsXFnHMpHc
['Education'],en,https://www.youtube.com/watch?v=4ICYlgvcCRA
['Education'],en,https://www.youtube.com/watch?v=48BeaFwV374
['News & Politics'],en,https://www.youtube.com/watch?v=6VF24n1bdpE
['Film & Animation'],en,https://www.youtube.com/watch?v=3Lxc1-OvisQ
['Science & Technology'],Unknown,https://www.youtube.com/watch?v=592Bj9otKY4
['Science & Technology'],en,https://www.youtube.com/watch?v=5iqBKTDWzFw
['News & Politics'],en,https://www.youtube.com/watch?v=5vzfU2y-BVM
['Science & Technology'],en,https://www.youtube.com/watch?v=6geWpWMHSns
['People & Blogs'],pl,https://www.youtube.com/watch?v=4msFzCs1S54
['Entertainment'],en,https://www.youtube.com/watch?v=4LaothvEvIE
['Sports'],en,https://www.youtube.com/watch?v=4DFtqijuxdM
['Education'],en,https://www.youtube.com/watch?v=3eRLtF1P-ko
['Sports'],en,https://www.youtube.com/watch?v=6CVDHFNUCvs
['Education'],Unknown,https://www.youtube.com/watch?v=6R1p39NaSxo
['Education'],en,https://www.youtube.com/watch?v=3x_KDM6GqtQ
['News & Politics'],en,https://www.youtube.com/watch?v=3FwhTvydKlI
['Education'],en,https://www.youtube.com/watch?v=4Eakh-Bk3S8
['Science & Technology'],en,https://www.youtube.com/watch?v=6Q7nHYe95nQ
['News & Politics'],Unknown,https://www.youtube.com/watch?v=7Xbr_NRo5xs
['Education'],en,https://www.youtube.com/watch?v=59xBeS3WxII
['Science & Technology'],en,https://www.youtube.com/watch?v=9pQ7bRnrDyc
['Nonprofits & Activism'],en,https://www.youtube.com/watch?v=5HWughQL0u0
['News & Politics'],Unknown,https://www.youtube.com/watch?v=3wMOVwGuvC0
['Education'],en,https://www.youtube.com/watch?v=4VK_v8KfLog
['News & Politics'],en,https://www.youtube.com/watch?v=4VTQrqcL0fk
['Education'],en,https://www.youtube.com/watch?v=4yOYRaKzw-o
['News & Politics'],en,https://www.youtube.com/watch?v=3h1B4IfaNgE
['Science & Technology'],en,https://www.youtube.com/watch?v=4llxI2ioCO0
['Education'],en,https://www.youtube.com/watch?v=3fc5hdRIUA0
['People & Blogs'],en,https://www.youtube.com/watch?v=9HSgO74iFog
['Gaming'],en,https://www.youtube.com/watch?v=4sJE3D11TiY
['Education'],en,https://www.youtube.com/watch?v=9dWG_sj-B80
['Science & Technology'],en,https://www.youtube.com/watch?v=7Am8jA-dzYU
['Education'],en,https://www.youtube.com/watch?v=AA7e3VLzYpw
['Howto & Style'],en,https://www.youtube.com/watch?v=8hc2sX9kJDo
['Science & Technology'],en,https://www.youtube.com/watch?v=2ghvg9h1tFI
['Science & Technology'],en,https://www.youtube.com/watch?v=6qi5v5Wk1w8
['Entertainment'],en,https://www.youtube.com/watch?v=83A1RUFYmd0
['Entertainment'],en,https://www.youtube.com/watch?v=8OxTnDxoEgM
['People & Blogs'],en,https://www.youtube.com/watch?v=8p4izqkpUsg
['Entertainment'],en,https://www.youtube.com/watch?v=2quue71ohH4
['Education'],Unknown,https://www.youtube.com/watch?v=7gdwtMhRvP4
['Howto & Style'],en,https://www.youtube.com/watch?v=7Ir4Jvha2wE
['Education'],en,https://www.youtube.com/watch?v=33SDU1MO_YE
['News & Politics'],en,https://www.youtube.com/watch?v=2hS35LkGNqc
['Education'],en,https://www.youtube.com/watch?v=9kGGzIOpGJI
['Education'],tr,https://www.youtube.com/watch?v=8m8YLAlEGOQ
['Science & Technology'],en,https://www.youtube.com/watch?v=8TJqzYxOCjo
['Education'],en,https://www.youtube.com/watch?v=A-O43MC5kmk
['News & Politics'],en,https://www.youtube.com/watch?v=9tbGVnWSCF8
['Entertainment'],en,https://www.youtube.com/watch?v=8_muj_w5JfM
['Sports'],en,https://www.youtube.com/watch?v=7bioh8CTzJg
['Education'],en,https://www.youtube.com/watch?v=9A39Q31uJM0
['News & Politics'],en,https://www.youtube.com/watch?v=8yR1ZDK8nEc
['News & Politics'],hi,https://www.youtube.com/watch?v=2oOjTi5gEqc
['People & Blogs'],en,https://www.youtube.com/watch?v=9usz5PL1gIs
['Education'],en,https://www.youtube.com/watch?v=7h7K8i3eAjE
['Science & Technology'],Unknown,https://www.youtube.com/watch?v=707Z60AHZig
['News & Politics'],en,https://www.youtube.com/watch?v=8rCfj6anzBw
['Entertainment'],en,https://www.youtube.com/watch?v=9UKHGrsN-8A
['Sports'],en,https://www.youtube.com/watch?v=7HgZNKu-Chg
['Education'],en,https://www.youtube.com/watch?v=9-wnrjuebJ0
['Education'],en,https://www.youtube.com/watch?v=9rebKQwPjjA
['People & Blogs'],en,https://www.youtube.com/watch?v=2rFSaiLXF9g
['Science & Technology'],en,https://www.youtube.com/watch?v=81QQHkrqlgQ
['News & Politics'],en,https://www.youtube.com/watch?v=2x_4dBOn5Rw
['Science & Technology'],Unknown,https://www.youtube.com/watch?v=71atu4jArcM
['News & Politics'],en,https://www.youtube.com/watch?v=99Q9jtSHb1k
['News & Politics'],en,https://www.youtube.com/watch?v=7ERVaI-h0c4
['Nonprofits & Activism'],Unknown,https://www.youtube.com/watch?v=9la8Z0ibzCE
['People & Blogs'],Unknown,https://www.youtube.com/watch?v=6iHltKEcGcw
['Science & Technology'],en,https://www.youtube.com/watch?v=7cekmgI1jWA
['Nonprofits & Activism'],Unknown,https://www.youtube.com/watch?v=8r-Xe_mQQF0
['Music'],Unknown,https://www.youtube.com/watch?v=6vavfimsPc8
['Entertainment'],en,https://www.youtube.com/watch?v=7eE7hNbtims
['Nonprofits & Activism'],en,https://www.youtube.com/watch?v=8ONUexTmLtI
['Science & Technology'],en,https://www.youtube.com/watch?v=7BRQmPIF790
['Education'],en,https://www.youtube.com/watch?v=7_s2pYK9ArM
['Nonprofits & Activism'],en,https://www.youtube.com/watch?v=753nkCAFc8c
['Education'],en,https://www.youtube.com/watch?v=8ucUzQlGqEY
['People & Blogs'],en,https://www.youtube.com/watch?v=2p0J47h1Nnk
['Education'],en,https://www.youtube.com/watch?v=93q6IQniw3c
['News & Politics'],hi,https://www.youtube.com/watch?v=8jC7jhrVaJI
['Science & Technology'],en,https://www.youtube.com/watch?v=6iUv8X3azD4
['News & Politics'],en,https://www.youtube.com/watch?v=9HICoBUmlCU
['Science & Technology'],en,https://www.youtube.com/watch?v=6kc9NbXF3c4
['Education'],en,https://www.youtube.com/watch?v=7gvdbwA1r-I
['Howto & Style'],en,https://www.youtube.com/watch?v=841EZb3GOs8
['News & Politics'],pa,https://www.youtube.com/watch?v=EAO8FEVMBi0
['Education'],en,https://www.youtube.com/watch?v=E0rsuQGBkuI
['Education'],en,https://www.youtube.com/watch?v=zSqzpjgXII8
['Education'],en,https://www.youtube.com/watch?v=E2nHMSjl12Q
['Education'],en,https://www.youtube.com/watch?v=zVb-a-6qNQg
['News & Politics'],en,https://www.youtube.com/watch?v=H6soH7rZ30E
['Science & Technology'],en,https://www.youtube.com/watch?v=zmvwSf_5TlU
['Howto & Style'],Unknown,https://www.youtube.com/watch?v=EkHlFE80TLA
['Gaming'],en,https://www.youtube.com/watch?v=Dvu44eo-NmA
['Entertainment'],en,https://www.youtube.com/watch?v=FJECaOJkh10
['People & Blogs'],en,https://www.youtube.com/watch?v=z_2VeZExi78
['Science & Technology'],Unknown,https://www.youtube.com/watch?v=GEqy3hDtkZM
['People & Blogs'],en,https://www.youtube.com/watch?v=F31gr9HGaMM
['Education'],Unknown,https://www.youtube.com/watch?v=zmjutPC-7BM
['News & Politics'],en,https://www.youtube.com/watch?v=FsNJ70jpGbM
['Education'],en,https://www.youtube.com/watch?v=EkgDI94lD7k
['Sports'],Unknown,https://www.youtube.com/watch?v=DzGBBg7TwTI
['Howto & Style'],en,https://www.youtube.com/watch?v=DkXOf4MjMzo
['Education'],en,https://www.youtube.com/watch?v=G4gLevdkLgw
['News & Politics'],en,https://www.youtube.com/watch?v=GzM3vcDHp2w
['Education'],en,https://www.youtube.com/watch?v=FpENbe3QRrE
['Science & Technology'],en,https://www.youtube.com/watch?v=EPQVA54G0-w
['News & Politics'],Unknown,https://www.youtube.com/watch?v=Ec8WHvdWXe0
['Science & Technology'],en,https://www.youtube.com/watch?v=EEN_sNXMyko
['People & Blogs'],en,https://www.youtube.com/watch?v=zGmwa3_quuo
['News & Politics'],en,https://www.youtube.com/watch?v=EF5QTEFerMY
['People & Blogs'],Unknown,https://www.youtube.com/watch?v=E_7Ux85uwmw
['News & Politics'],en,https://www.youtube.com/watch?v=GeXsf3B5qc4
['News & Politics'],Unknown,https://www.youtube.com/watch?v=G9g-qdnun9c
['Education'],en,https://www.youtube.com/watch?v=Gtw14sQic7c
['Sports'],en,https://www.youtube.com/watch?v=GQHcarZdanY
['News & Politics'],en,https://www.youtube.com/watch?v=GhnGycK5pyw
['Education'],en,https://www.youtube.com/watch?v=F4ILqClESsY
['Science & Technology'],en,https://www.youtube.com/watch?v=Erlt0Q6TOM8
['News & Politics'],en,https://www.youtube.com/watch?v=zl4n0wAj83g
['Gaming'],en,https://www.youtube.com/watch?v=F_bNV9h2XXk
['Education'],Unknown,https://www.youtube.com/watch?v=Gyr-2Z7L7i4
['Entertainment'],en,https://www.youtube.com/watch?v=G3DTQrCNZOQ
['Entertainment'],en,https://www.youtube.com/watch?v=G6i9wK3lUPg
['Film & Animation'],en,https://www.youtube.com/watch?v=H5MzzW7EyuY
['Pets & Animals'],en,https://www.youtube.com/watch?v=Gn8ajQjUIPY
['Entertainment'],en,https://www.youtube.com/watch?v=FMF-idnoiuE
['Science & Technology'],en,https://www.youtube.com/watch?v=DxnMVRWYG2A
['Education'],en,https://www.youtube.com/watch?v=GbeG7NGfaMg
['Nonprofits & Activism'],en,https://www.youtube.com/watch?v=FTUi7YHpiFk
['Education'],en,https://www.youtube.com/watch?v=FdvZLwVsux8
['Gaming'],en,https://www.youtube.com/watch?v=G0CjI2rHbz4
['Gaming'],en,https://www.youtube.com/watch?v=ED1qJYnlmG8
['Education'],en,https://www.youtube.com/watch?v=EeZu1Tblt-8
['Education'],hi,https://www.youtube.com/watch?v=ztACmxEhZHQ
['Science & Technology'],en,https://www.youtube.com/watch?v=FhztIqv6sMk
['Science & Technology'],en,https://www.youtube.com/watch?v=EfxU79vPD0k
['News & Politics'],en,https://www.youtube.com/watch?v=EmgTwras4ck
['Science & Technology'],en,https://www.youtube.com/watch?v=FByxQWpWq0U
['Science & Technology'],en,https://www.youtube.com/watch?v=GAt0-ZedlVY
['Education'],en,https://www.youtube.com/watch?v=y3nxvSX_Su8
['Autos & Vehicles'],en,https://www.youtube.com/watch?v=EhahnCybl3E
['Science & Technology'],en,https://www.youtube.com/watch?v=GKu_uE9ePBM
['Education'],en,https://www.youtube.com/watch?v=GKy0QNnfXVc
['Sports'],en,https://www.youtube.com/watch?v=DkynkSg1lHs
['News & Politics'],bn,https://www.youtube.com/watch?v=Dh3OQhKgMM8
['People & Blogs'],en,https://www.youtube.com/watch?v=HmLHwgMPZZA
['Science & Technology'],en,https://www.youtube.com/watch?v=JIz6VnJosnE
['Education'],hi,https://www.youtube.com/watch?v=JDfVE8EWaxo
['News & Politics'],en,https://www.youtube.com/watch?v=HmOVeDUCnWM
['Nonprofits & Activism'],en,https://www.youtube.com/watch?v=ylV7qhvTT_U
['Education'],en,https://www.youtube.com/watch?v=HfQYDdnMAtE
['People & Blogs'],en,https://www.youtube.com/watch?v=yuIcvyCQchM
['Science & Technology'],en,https://www.youtube.com/watch?v=wjFnh__vY8k
['Entertainment'],en,https://www.youtube.com/watch?v=K8GwgfL97lg
['Education'],en,https://www.youtube.com/watch?v=HkBodVvoMBU
['Education'],Unknown,https://www.youtube.com/watch?v=wztc7Bulvzk
['News & Politics'],hi,https://www.youtube.com/watch?v=HQ7cJ5DJHIg
['Entertainment'],en,https://www.youtube.com/watch?v=yPuvBwBULyg
['Education'],tr,https://www.youtube.com/watch?v=xDv1PqgSP9E
['News & Politics'],en,https://www.youtube.com/watch?v=w0rfnov8kAk
['Education'],en,https://www.youtube.com/watch?v=JepAmmtxmH8
['Science & Technology'],it,https://www.youtube.com/watch?v=xWhVUcguKg4
['Gaming'],en,https://www.youtube.com/watch?v=ILiLFtE0huU
['People & Blogs'],en,https://www.youtube.com/watch?v=wbhqtTa0SZs
['News & Politics'],en,https://www.youtube.com/watch?v=J56KEaVezLk
['Music'],Unknown,https://www.youtube.com/watch?v=KMZHl-ZZyq4
['Nonprofits & Activism'],en,https://www.youtube.com/watch?v=JLdthoMgeQA
['Education'],Unknown,https://www.youtube.com/watch?v=xZf66iIbSD0
['Travel & Events'],en,https://www.youtube.com/watch?v=wbuD6ap7UwA
['Science & Technology'],Unknown,https://www.youtube.com/watch?v=yCZeToueu9w
['Education'],en,https://www.youtube.com/watch?v=Is7eU55NvWE
['Nonprofits & Activism'],Unknown,https://www.youtube.com/watch?v=yGkVvgxpsDc
['News & Politics'],en,https://www.youtube.com/watch?v=yJz11V5ZUjc
['News & Politics'],en,https://www.youtube.com/watch?v=I0_LR07F1RM
['Education'],en,https://www.youtube.com/watch?v=I-4859jlT7k
['Gaming'],en,https://www.youtube.com/watch?v=I1QlAcT1YaM
['Science & Technology'],en,https://www.youtube.com/watch?v=vzG8JWwWpmU
['Entertainment'],en,https://www.youtube.com/watch?v=wEtqJ-o-3P0
['News & Politics'],Unknown,https://www.youtube.com/watch?v=w372-vciU5Y
['Education'],en,https://www.youtube.com/watch?v=wARxRoNbuBI
['Sports'],en,https://www.youtube.com/watch?v=wZd3CVA84FY
['Music'],en,https://www.youtube.com/watch?v=ySN1JFJRacA
['News & Politics'],hi,https://www.youtube.com/watch?v=yxWPLX83Tr8
['News & Politics'],en,https://www.youtube.com/watch?v=Isq0GGBOrnQ
['Education'],Unknown,https://www.youtube.com/watch?v=HgOWUqm8fLA
['Entertainment'],en,https://www.youtube.com/watch?v=HcOJjczwMPA
['People & Blogs'],en,https://www.youtube.com/watch?v=ywxI_L7qloI
['Nonprofits & Activism'],en,https://www.youtube.com/watch?v=I7v49ksQQMM
['Science & Technology'],Unknown,https://www.youtube.com/watch?v=wLdw959aWVI
['Education'],hi,https://www.youtube.com/watch?v=xKhzT6kT0OY
['Entertainment'],en,https://www.youtube.com/watch?v=KDW9x3wE-BM
['Education'],en,https://www.youtube.com/watch?v=JeqVM4Nb3hA
['News & Politics'],en,https://www.youtube.com/watch?v=xCK2VrslEMs
['News & Politics'],Unknown,https://www.youtube.com/watch?v=wP14qfKweqY
['Science & Technology'],en,https://www.youtube.com/watch?v=Is0bhodVt3A
['Science & Technology'],en,https://www.youtube.com/watch?v=JOmCbxgc7uI
['Science & Technology'],en,https://www.youtube.com/watch?v=IQ5Kq7uVPk8
['Science & Technology'],en,https://www.youtube.com/watch?v=Io1V4bBkrlM
['Sports'],en,https://www.youtube.com/watch?v=HG8p-r4LCIw
['Gaming'],en,https://www.youtube.com/watch?v=w9Zx31jKeH4
['Education'],hi,https://www.youtube.com/watch?v=JPTBHMR0bOo
['Science & Technology'],en,https://www.youtube.com/watch?v=HozF_sfeuX4
['Entertainment'],en,https://www.youtube.com/watch?v=wX8fSQ7ITKw
['Education'],en,https://www.youtube.com/watch?v=JHzpG6J72o8
['People & Blogs'],en,https://www.youtube.com/watch?v=HaU0TNMmu2k
['Education'],de,https://www.youtube.com/watch?v=yFxzBQOwCDY
['Education'],en,https://www.youtube.com/watch?v=I18JnLDZw0U
['Science & Technology'],en,https://www.youtube.com/watch?v=xElT8gbfJFk
['Education'],en,https://www.youtube.com/watch?v=HfG7Kvb6zcw
['Education'],en,https://www.youtube.com/watch?v=Ka1zMEWaTNQ
['Science & Technology'],en,https://www.youtube.com/watch?v=JiuoxCOXIbA
['News & Politics'],en,https://www.youtube.com/watch?v=HzSfNpuzJYk
['Education'],en,https://www.youtube.com/watch?v=zB3ZfTen-jo
['Travel & Events'],Unknown,https://www.youtube.com/watch?v=IeAkT6xqF1M
['Education'],es,https://www.youtube.com/watch?v=JY76OqXwQk0
['News & Politics'],hi,https://www.youtube.com/watch?v=wA7W4_vcq1U
['Entertainment'],en,https://www.youtube.com/watch?v=w0SmsxswCSs
['Education'],en,https://www.youtube.com/watch?v=wjMqX28qbuU
['Music'],Unknown,https://www.youtube.com/watch?v=IdGVPRcHo_E
['Science & Technology'],Unknown,https://www.youtube.com/watch?v=wguJdUkxOAs
['Entertainment'],en,https://www.youtube.com/watch?v=J4o6UesBWkY
['Entertainment'],en,https://www.youtube.com/watch?v=vyIh8-kQL5A
['Science & Technology'],en,https://www.youtube.com/watch?v=yLgXjtD0lKI
['News & Politics'],en,https://www.youtube.com/watch?v=H8mSQzhView
['Science & Technology'],en,https://www.youtube.com/watch?v=vs4QuvCEVcM
['Education'],Unknown,https://www.youtube.com/watch?v=IYPTylC3TNg
['Science & Technology'],en,https://www.youtube.com/watch?v=wShnRyp9aPs
['People & Blogs'],en,https://www.youtube.com/watch?v=JpuzXExW5CE
['Education'],en,https://www.youtube.com/watch?v=yeyJySWy7mg
['Nonprofits & Activism'],en,https://www.youtube.com/watch?v=Hgbh56SWWS8
['People & Blogs'],en,https://www.youtube.com/watch?v=yyPo8G1-CbM
['Entertainment'],en,https://www.youtube.com/watch?v=HfCJaxmhZrk
['News & Politics'],en,https://www.youtube.com/watch?v=xaPiiFfW9Ko
['Science & Technology'],en,https://www.youtube.com/watch?v=xNhtlx8e0iQ
['Film & Animation'],en,https://www.youtube.com/watch?v=z7alzJx6Pxw
['Education'],en,https://www.youtube.com/watch?v=yrW5PcLunuk
['Howto & Style'],Unknown,https://www.youtube.com/watch?v=J6yp8iiwd4c
['News & Politics'],en,https://www.youtube.com/watch?v=HeJLyrDGgzU
['Sports'],en,https://www.youtube.com/watch?v=IrqdJJjgRlY
['Howto & Style'],en,https://www.youtube.com/watch?v=wjsTh2F_i_o
['Education'],hi,https://www.youtube.com/watch?v=tfZW2zShnTI
['Education'],Unknown,https://www.youtube.com/watch?v=xFlzfQ1LAfI
['News & Politics'],en,https://www.youtube.com/watch?v=L3kE1dFLqC4
['Education'],Unknown,https://www.youtube.com/watch?v=M1NLyCRaBNE
['Entertainment'],en,https://www.youtube.com/watch?v=L7sJQQMTtWI
['Entertainment'],Unknown,https://www.youtube.com/watch?v=z0UNFViioFI
['News & Politics'],hi,https://www.youtube.com/watch?v=JzYdpZijgDg
['Education'],en,https://www.youtube.com/watch?v=LLQrMs7g4oo
['Education'],en,https://www.youtube.com/watch?v=MHcGdQeYCMg
['Education'],en,https://www.youtube.com/watch?v=tPt90GxYj4w
['Science & Technology'],en,https://www.youtube.com/watch?v=tAk0jfkQDsM
['News & Politics'],en,https://www.youtube.com/watch?v=uA-jZ-aXinY
['News & Politics'],Unknown,https://www.youtube.com/watch?v=MpiYEQCQoSs
['Howto & Style'],en,https://www.youtube.com/watch?v=uFkma9b2CFk
['Entertainment'],en,https://www.youtube.com/watch?v=LEgv-dtCI5U
['Education'],en,https://www.youtube.com/watch?v=LEN-CvKeZZA
['News & Politics'],Unknown,https://www.youtube.com/watch?v=MjHVic5Lc5g
['Howto & Style'],en,https://www.youtube.com/watch?v=uzkniXnqP08
['Science & Technology'],en,https://www.youtube.com/watch?v=sWV8JlaVPOY
['Science & Technology'],en,https://www.youtube.com/watch?v=Lh1inharILU
['Education'],en,https://www.youtube.com/watch?v=KyaiNqFjZwA
['Education'],en,https://www.youtube.com/watch?v=uG58btvxdDU
['Nonprofits & Activism'],en,https://www.youtube.com/watch?v=u7-jvkFRYdo
['News & Politics'],en,https://www.youtube.com/watch?v=u1bUJH9fUN8
['Entertainment'],en,https://www.youtube.com/watch?v=uUNaYj2YAP4
['Music'],en,https://www.youtube.com/watch?v=LMSxuj9EqJ4
['Sports'],en,https://www.youtube.com/watch?v=tShU--SDs3k
['News & Politics'],en,https://www.youtube.com/watch?v=MyTr488FY3M
['Entertainment'],en,https://www.youtube.com/watch?v=seHt4fxWXJw
['Education'],en,https://www.youtube.com/watch?v=upfPfHINh_o
['Entertainment'],en,https://www.youtube.com/watch?v=uweqZM52frw
['News & Politics'],en,https://www.youtube.com/watch?v=tzyaPt7DK9U
['Howto & Style'],en,https://www.youtube.com/watch?v=u9lKf80l_FM
['Gaming'],en,https://www.youtube.com/watch?v=NTjvgk6DjN4
['Science & Technology'],en,https://www.youtube.com/watch?v=uxdWgmUfEAk
['Education'],en,https://www.youtube.com/watch?v=takcs4chIP0
['News & Politics'],Unknown,https://www.youtube.com/watch?v=NTdjWJbMDBw
['Education'],hi,https://www.youtube.com/watch?v=MSBgw6N8VyM
['News & Politics'],en,https://www.youtube.com/watch?v=LHAcUz95I3A
['Science & Technology'],Unknown,https://www.youtube.com/watch?v=vMStSN3iGM8
['Entertainment'],en,https://www.youtube.com/watch?v=NSWf2miZQtk
['Education'],en,https://www.youtube.com/watch?v=MlPiucTfpeg
['Education'],en,https://www.youtube.com/watch?v=tybqHwnDaLI
['Gaming'],en,https://www.youtube.com/watch?v=NKDbcGtghNY
['Science & Technology'],Unknown,https://www.youtube.com/watch?v=sRphEFCQN1g
['Education'],Unknown,https://www.youtube.com/watch?v=vgNOLY3FRyg
['Entertainment'],en,https://www.youtube.com/watch?v=uiiDnMuI7rQ
['Howto & Style'],en,https://www.youtube.com/watch?v=Ln2eGjj3Qg0
['People & Blogs'],en,https://www.youtube.com/watch?v=t-EaX_CRqo0
['Education'],en,https://www.youtube.com/watch?v=MXMP-Rq2uEM
['Education'],en,https://www.youtube.com/watch?v=N0I-ozinyCU
['Education'],en,https://www.youtube.com/watch?v=uVSD1xTW2OI
['Education'],en,https://www.youtube.com/watch?v=KgpBNXa6AIs
['News & Politics'],en,https://www.youtube.com/watch?v=LEs31xiWmCU
['Science & Technology'],en,https://www.youtube.com/watch?v=LWcUsuzK9Bc
['Travel & Events'],en,https://www.youtube.com/watch?v=t-ywDLIsp8o
['Nonprofits & Activism'],en,https://www.youtube.com/watch?v=Nl_bLyy8FKQ
['Travel & Events'],en,https://www.youtube.com/watch?v=tjGSYc2Pj_Y
['News & Politics'],en,https://www.youtube.com/watch?v=N03vq07j1tE
['Nonprofits & Activism'],en,https://www.youtube.com/watch?v=Nx1GgJ3VANQ
['Howto & Style'],en,https://www.youtube.com/watch?v=tRZYYX9W2Kk
['News & Politics'],en,https://www.youtube.com/watch?v=Lo2uU_I38HI
['Education'],en,https://www.youtube.com/watch?v=uPcWeX5A6Mc
['People & Blogs'],en,https://www.youtube.com/watch?v=utExVoLNAJQ
['People & Blogs'],en,https://www.youtube.com/watch?v=KfoQ8SGqCWw
['Science & Technology'],en,https://www.youtube.com/watch?v=uvdv9ezMh6Q
['News & Politics'],Unknown,https://www.youtube.com/watch?v=NBR5puiWfXI
['Education'],en,https://www.youtube.com/watch?v=M1_U6dhI-fU
['Entertainment'],en,https://www.youtube.com/watch?v=ModbwlzSc8g
['News & Politics'],en,https://www.youtube.com/watch?v=tmhe0x66lZI
['People & Blogs'],en,https://www.youtube.com/watch?v=vF-lm-A8o5Q
['Education'],en,https://www.youtube.com/watch?v=NLcD8Ov8Jlw
['Science & Technology'],en,https://www.youtube.com/watch?v=unbhtnlZX_I
['News & Politics'],en,https://www.youtube.com/watch?v=teRivsb8UZU
['Nonprofits & Activism'],en,https://www.youtube.com/watch?v=spELNN11smQ
['People & Blogs'],Unknown,https://www.youtube.com/watch?v=tsrMv2N4c78
['Sports'],en,https://www.youtube.com/watch?v=ttiV0nfAOVY
['Education'],es,https://www.youtube.com/watch?v=NJrqmDrbuwc
['Sports'],en,https://www.youtube.com/watch?v=N-eLJBYy6mM
['News & Politics'],hi,https://www.youtube.com/watch?v=N9h3Glf2KvQ
['People & Blogs'],en,https://www.youtube.com/watch?v=LYirCgr0B5k
['News & Politics'],en,https://www.youtube.com/watch?v=Lp-XHQ5WhDE
['News & Politics'],en,https://www.youtube.com/watch?v=LeUVc5v3Qek
['Education'],en,https://www.youtube.com/watch?v=L_dYyBobhvM
['Nonprofits & Activism'],Unknown,https://www.youtube.com/watch?v=M0JSoCqGNF8
['Education'],en,https://www.youtube.com/watch?v=N-LXgKHVQGE
['Entertainment'],en,https://www.youtube.com/watch?v=N4CIsCLhp0Q
['Entertainment'],en,https://www.youtube.com/watch?v=tRLEXZ6Sno0
['Education'],en,https://www.youtube.com/watch?v=vb1cU78H7VI
['Education'],tr,https://www.youtube.com/watch?v=LSB8V7XpBa0
['Autos & Vehicles'],en,https://www.youtube.com/watch?v=tHRXs-1ZgHs
['Sports'],en,https://www.youtube.com/watch?v=uLmGqOJ-RHo
['Education'],Unknown,https://www.youtube.com/watch?v=sgrnPHXm044
['News & Politics'],en,https://www.youtube.com/watch?v=ubqKmnPs1Xk
['Education'],en,https://www.youtube.com/watch?v=Ni2WDc_wT68
['News & Politics'],en,https://www.youtube.com/watch?v=vNIbfmvoIhE
['Travel & Events'],en,https://www.youtube.com/watch?v=LHaOOZriSQw
['Education'],en,https://www.youtube.com/watch?v=ubpHq-5BjYQ
['Gaming'],en,https://www.youtube.com/watch?v=MRim0-4toKI
['News & Politics'],en,https://www.youtube.com/watch?v=v5jOlvz1BiE
['Education'],en,https://www.youtube.com/watch?v=MVsYIbFf-sw
['Film & Animation'],en,https://www.youtube.com/watch?v=MsefK5GyBHg
['Education'],en,https://www.youtube.com/watch?v=L45lLMbGh0A
['Education'],en,https://www.youtube.com/watch?v=QZyaGFqZY9E
['Education'],hi,https://www.youtube.com/watch?v=pFYx1iVgzTg
['Entertainment'],en,https://www.youtube.com/watch?v=OSQLjEnKU7I
['Sports'],en,https://www.youtube.com/watch?v=O4sMlCIDn0c
['Education'],Unknown,https://www.youtube.com/watch?v=rf25d8xBqsc
['Education'],en,https://www.youtube.com/watch?v=R5KJZJXWoS0
['Education'],en,https://www.youtube.com/watch?v=QRaa-zvyXF4
['Entertainment'],hi,https://www.youtube.com/watch?v=s6ojDHHHJYw
['Science & Technology'],en,https://www.youtube.com/watch?v=rADsW7_TCo0
['News & Politics'],hi,https://www.youtube.com/watch?v=PQl3fxy3Jn4
['News & Politics'],en,https://www.youtube.com/watch?v=PXn-w4_JymY
['People & Blogs'],en,https://www.youtube.com/watch?v=P4d4u2PkVhQ
['Science & Technology'],de,https://www.youtube.com/watch?v=qOEvwR_1tME
['Entertainment'],vi,https://www.youtube.com/watch?v=O8NcC3alGUU
['People & Blogs'],en,https://www.youtube.com/watch?v=qTYPyPYEmgs
['People & Blogs'],Unknown,https://www.youtube.com/watch?v=PQBBMX6J-Yc
['Science & Technology'],en,https://www.youtube.com/watch?v=PFijeMaRGUc
['News & Politics'],Unknown,https://www.youtube.com/watch?v=qKhud67Gk1k
['Science & Technology'],en,https://www.youtube.com/watch?v=rnCdvWToPPM
['Film & Animation'],en,https://www.youtube.com/watch?v=OjpaTsutgrc
['Nonprofits & Activism'],en,https://www.youtube.com/watch?v=pNw4FUpoXRU
['Science & Technology'],en,https://www.youtube.com/watch?v=OQ3vZu5lTDo
['Sports'],en,https://www.youtube.com/watch?v=RQ0dwrj1ASc
['Education'],en,https://www.youtube.com/watch?v=qOhbiNgLcJE
['Education'],en,https://www.youtube.com/watch?v=ONtIwUfKB2s
['News & Politics'],en,https://www.youtube.com/watch?v=qeqHMyjWHqE
['News & Politics'],en,https://www.youtube.com/watch?v=RH0V4o4oYfY
['Science & Technology'],en,https://www.youtube.com/watch?v=p3CbHbTCpF4
['Science & Technology'],en,https://www.youtube.com/watch?v=PDq9Wv2HqYw
['Science & Technology'],en,https://www.youtube.com/watch?v=qSyjD0Hfp5E
['News & Politics'],Unknown,https://www.youtube.com/watch?v=ORCaUHRhGiQ
['People & Blogs'],en,https://www.youtube.com/watch?v=pGn-OaNOP18
['Education'],en,https://www.youtube.com/watch?v=PTt7H7w2NxA
['People & Blogs'],en,https://www.youtube.com/watch?v=RNIlV62sd2g
['Science & Technology'],en,https://www.youtube.com/watch?v=r_RaQHHz7q0
['Education'],en,https://www.youtube.com/watch?v=RJPddeR_9sc
['Science & Technology'],en,https://www.youtube.com/watch?v=QKRAf8_e7mE
['Science & Technology'],Unknown,https://www.youtube.com/watch?v=rRIt0BYAjTo
['Howto & Style'],en,https://www.youtube.com/watch?v=P-1VPVBQunc
['Howto & Style'],en,https://www.youtube.com/watch?v=PySJFKI_JxI
['Comedy'],en,https://www.youtube.com/watch?v=Qr9A4oZFS-I
['News & Politics'],en,https://www.youtube.com/watch?v=sBrsx2wlv9Q
['Science & Technology'],en,https://www.youtube.com/watch?v=r0OL1bSwYRo
['Travel & Events'],en,https://www.youtube.com/watch?v=PYMIT5zhorM
['People & Blogs'],en,https://www.youtube.com/watch?v=QCqORz-en4A
['Education'],en,https://www.youtube.com/watch?v=s3snu8syd0I
['Sports'],en,https://www.youtube.com/watch?v=R4XTYj7KpBM
['Sports'],en,https://www.youtube.com/watch?v=PfXbyq8nCdA
['Science & Technology'],de,https://www.youtube.com/watch?v=OHD3j8lgKa4
['Education'],en,https://www.youtube.com/watch?v=p6dZbxP9Aps
['Science & Technology'],en,https://www.youtube.com/watch?v=pe6AKh_tLys
['People & Blogs'],en,https://www.youtube.com/watch?v=Pgtpmnim9OE
['Education'],Unknown,https://www.youtube.com/watch?v=pZ4M1llRerI
['Science & Technology'],en,https://www.youtube.com/watch?v=rT9VM_JSf5A
['Science & Technology'],en,https://www.youtube.com/watch?v=p6JulLVdOVg
['Science & Technology'],fr,https://www.youtube.com/watch?v=PWU9SGJV4ZA
['Education'],es,https://www.youtube.com/watch?v=s32cgo5gUjk
['Science & Technology'],Unknown,https://www.youtube.com/watch?v=Q7YbHyq50Aw
['Travel & Events'],Unknown,https://www.youtube.com/watch?v=P2W4plxc6A8
['Science & Technology'],en,https://www.youtube.com/watch?v=QJkofOSxApY
['Education'],en,https://www.youtube.com/watch?v=Q5-Gc_2xFaA
['Education'],hi,https://www.youtube.com/watch?v=rkck9fOw1LA
['Science & Technology'],en,https://www.youtube.com/watch?v=OPNVGO5QICA
['Pets & Animals'],hi,https://www.youtube.com/watch?v=oqIdSOqWck0
['News & Politics'],Unknown,https://www.youtube.com/watch?v=QUFUvhTyMNo
['Education'],en,https://www.youtube.com/watch?v=Q4gTV3WmHlw
['Entertainment'],en,https://www.youtube.com/watch?v=Ps4g55B1zq8
['Entertainment'],en,https://www.youtube.com/watch?v=REhvvDjPfi0
['News & Politics'],en,https://www.youtube.com/watch?v=RFYKN6Xnz6g
['Science & Technology'],en,https://www.youtube.com/watch?v=QpRnAdC3NNE
['Science & Technology'],pt,https://www.youtube.com/watch?v=OG_-833hOd0
['Education'],en,https://www.youtube.com/watch?v=R3tlPGnwnxA
['Science & Technology'],en,https://www.youtube.com/watch?v=R2IBGv-UYx0
['Education'],en,https://www.youtube.com/watch?v=rNDUTrqfnbs
['Education'],en,https://www.youtube.com/watch?v=QaTkVxf_gx8
['Gaming'],en,https://www.youtube.com/watch?v=QaCRlkp4wQI
['Howto & Style'],en,https://www.youtube.com/watch?v=OgF1ovYFQmM
['News & Politics'],en,https://www.youtube.com/watch?v=rCYj3x5y03k
['Gaming'],en,https://www.youtube.com/watch?v=ozceggstVS0
['People & Blogs'],hi,https://www.youtube.com/watch?v=p-K-jYNvTcE
['Gaming'],en,https://www.youtube.com/watch?v=q-oFujKSAa0
['Education'],en,https://www.youtube.com/watch?v=PoXxjiKS94k
['Science & Technology'],en,https://www.youtube.com/watch?v=qFK6x6PnWFc
['Science & Technology'],en,https://www.youtube.com/watch?v=OInJBwS8VDQ
['Education'],en,https://www.youtube.com/watch?v=rZ2HvMw1-7s
['Sports'],en,https://www.youtube.com/watch?v=QRC0vj8fzPE
['Science & Technology'],Unknown,https://www.youtube.com/watch?v=PgOktzoLCKg
['Education'],en,https://www.youtube.com/watch?v=P6b4XFcZw7Y
['Education'],en,https://www.youtube.com/watch?v=QTWymGzJYUM
['News & Politics'],en,https://www.youtube.com/watch?v=lNqhAKITYfg
['News & Politics'],en,https://www.youtube.com/watch?v=qdim5zUWL8Q
['News & Politics'],en,https://www.youtube.com/watch?v=S_xICqvC2uM
['Education'],en,https://www.youtube.com/watch?v=q0whherUIeo
['People & Blogs'],en,https://www.youtube.com/watch?v=OP82A-4oyJY
['News & Politics'],en,https://www.youtube.com/watch?v=RwNoydJidl4
['Entertainment'],en,https://www.youtube.com/watch?v=P2fPYydC8v0
['Education'],Unknown,https://www.youtube.com/watch?v=pJb4_e1TXVI
['News & Politics'],en,https://www.youtube.com/watch?v=qmvVbVRCwLQ
['Entertainment'],en,https://www.youtube.com/watch?v=RCQIujw7eqs
['Science & Technology'],en,https://www.youtube.com/watch?v=QuQSZSCOtAY
['Education'],en,https://www.youtube.com/watch?v=s-HiU-UdU5U
['Nonprofits & Activism'],en,https://www.youtube.com/watch?v=qsd1todWFz0
['News & Politics'],en,https://www.youtube.com/watch?v=n8GZ761s42E
['News & Politics'],Unknown,https://www.youtube.com/watch?v=oKTQEIP_keU
['Sports'],en,https://www.youtube.com/watch?v=TGGRJ4qKj6c
['People & Blogs'],en,https://www.youtube.com/watch?v=TrSm7PzYy_4
['Howto & Style'],en,https://www.youtube.com/watch?v=oQz8q4UrYpk
['Travel & Events'],Unknown,https://www.youtube.com/watch?v=odFg4Ngmt_M
['Science & Technology'],en,https://www.youtube.com/watch?v=RYJhSEoWB4E
['Howto & Style'],en,https://www.youtube.com/watch?v=UXbpKMfk1d8
['Entertainment'],en,https://www.youtube.com/watch?v=mbuBjWpIIE8
['Howto & Style'],en,https://www.youtube.com/watch?v=o7SyNJ8xuDw
['Education'],en,https://www.youtube.com/watch?v=nzGjD2MoXQo
['Sports'],en,https://www.youtube.com/watch?v=lqaz5i3Lcw8
['Education'],en,https://www.youtube.com/watch?v=nvcU4DNv83I
['Howto & Style'],en,https://www.youtube.com/watch?v=mmgVHmPdnTk
['Education'],en,https://www.youtube.com/watch?v=UqZwdtoIMKI
['Education'],en,https://www.youtube.com/watch?v=TKLAlUUiuLs
['Education'],hi,https://www.youtube.com/watch?v=oaNMOlArYBQ
['People & Blogs'],en,https://www.youtube.com/watch?v=nZ-Em84Hpf0
['News & Politics'],en,https://www.youtube.com/watch?v=lnvKsIgkiXs
['Nonprofits & Activism'],en,https://www.youtube.com/watch?v=SAQuaC6HQrg
['Autos & Vehicles'],en,https://www.youtube.com/watch?v=nv3JoqrwrNs
['Travel & Events'],en,https://www.youtube.com/watch?v=UO5sm6LYgqo
['News & Politics'],en,https://www.youtube.com/watch?v=oR9Z3AiJAgc
['Gaming'],en,https://www.youtube.com/watch?v=SfCOQ715_uQ
['Film & Animation'],en,https://www.youtube.com/watch?v=UGVJmareZA0
['News & Politics'],Unknown,https://www.youtube.com/watch?v=Uz-hu88G-8I
['Science & Technology'],en,https://www.youtube.com/watch?v=pKgrjQeRvb0
['Entertainment'],en,https://www.youtube.com/watch?v=mVWMGtObLAw
['Entertainment'],en,https://www.youtube.com/watch?v=ULbhevySPUU
['Sports'],en,https://www.youtube.com/watch?v=nxEOeKH6qio
['News & Politics'],en,https://www.youtube.com/watch?v=oDd0kmYyAM8
['Education'],Unknown,https://www.youtube.com/watch?v=laOmeMeZLYM
['Education'],en,https://www.youtube.com/watch?v=T7C9kzM4stM
['Entertainment'],en,https://www.youtube.com/watch?v=UDeyKfvbtBI
['Comedy'],en,https://www.youtube.com/watch?v=UVTlvuXlPKc
['Science & Technology'],en,https://www.youtube.com/watch?v=lXvshs_yPCM
['Education'],hi,https://www.youtube.com/watch?v=THHbxuraKcs
['People & Blogs'],Unknown,https://www.youtube.com/watch?v=SgePwicmPiI
['News & Politics'],en,https://www.youtube.com/watch?v=o2CZ4e8cQ9o
['News & Politics'],en,https://www.youtube.com/watch?v=lhjTjn_ZHFk
['News & Politics'],en,https://www.youtube.com/watch?v=nw56ixpLS2Y
['Entertainment'],en,https://www.youtube.com/watch?v=mwEwzwErff8
['Science & Technology'],en,https://www.youtube.com/watch?v=oguCUKmuuZw
['News & Politics'],Unknown,https://www.youtube.com/watch?v=ln6SISuaYog
['Science & Technology'],en,https://www.youtube.com/watch?v=nAD3vdhve7Q
['Education'],Unknown,https://www.youtube.com/watch?v=m6yR9S5NlAQ
['Education'],en,https://www.youtube.com/watch?v=n3ofdUub8mg
['Education'],ru,https://www.youtube.com/watch?v=UGq9yhSFzbE
['People & Blogs'],it,https://www.youtube.com/watch?v=nUjSWLWA88A
['Education'],hi,https://www.youtube.com/watch?v=lZursYg-LnI
['News & Politics'],en,https://www.youtube.com/watch?v=o1G_FS_roEQ
['News & Politics'],hi,https://www.youtube.com/watch?v=msGfGwo6eiQ
['Science & Technology'],en,https://www.youtube.com/watch?v=RXVFEf4lbKs
['Education'],en,https://www.youtube.com/watch?v=U8hyBRB0SDE
['People & Blogs'],en,https://www.youtube.com/watch?v=mXrRIqANqWg
['Science & Technology'],en,https://www.youtube.com/watch?v=TSGHqmxJUpY
['Education'],en,https://www.youtube.com/watch?v=UITe7lZFKKo
['News & Politics'],en,https://www.youtube.com/watch?v=nq39sLNpY3I
['Autos & Vehicles'],en,https://www.youtube.com/watch?v=nPcSbTub4Bs
['Education'],en,https://www.youtube.com/watch?v=mBnq5w9MBK0
['Nonprofits & Activism'],Unknown,https://www.youtube.com/watch?v=luUCmp-HfhU
['Education'],en,https://www.youtube.com/watch?v=UTBRSxIecPA
['People & Blogs'],en,https://www.youtube.com/watch?v=luHiRScYH8I
['Science & Technology'],en,https://www.youtube.com/watch?v=TUD8CB4DTsE
['Education'],en,https://www.youtube.com/watch?v=ndge2Cqlk68
['Education'],Unknown,https://www.youtube.com/watch?v=o_hGVw0qaNE
['People & Blogs'],en,https://www.youtube.com/watch?v=SsdhKc1443U
['Entertainment'],en,https://www.youtube.com/watch?v=T4bLvuFwLmw
['Science & Technology'],Unknown,https://www.youtube.com/watch?v=SJ9_mENs1cY
['Science & Technology'],en,https://www.youtube.com/watch?v=o-UwdUe-YsI
['Science & Technology'],en,https://www.youtube.com/watch?v=nsPTrBtfNAM
['Education'],en,https://www.youtube.com/watch?v=nvOstQCbZsk
['Science & Technology'],en,https://www.youtube.com/watch?v=U6wtYdAn2tg
['Sports'],en,https://www.youtube.com/watch?v=m_Lza1c_MFY
['Education'],en,https://www.youtube.com/watch?v=RxZBNJh18wE
['Entertainment'],en,https://www.youtube.com/watch?v=nWkVdtFK--c
['Education'],en,https://www.youtube.com/watch?v=U_UrNdi3-j8
['Howto & Style'],en,https://www.youtube.com/watch?v=TfxpCAOY2I0
['Education'],en,https://www.youtube.com/watch?v=UMFKPKq4v3A
['News & Politics'],fr,https://www.youtube.com/watch?v=oiiZ-8oHCw8
['Science & Technology'],en,https://www.youtube.com/watch?v=RkiatIgOl1Q
['Science & Technology'],en,https://www.youtube.com/watch?v=SNrVqfLotDI
['News & Politics'],en,https://www.youtube.com/watch?v=n7lJ4vRCb9Q
['Education'],en,https://www.youtube.com/watch?v=m1KcNV-Zhmc
['Science & Technology'],en,https://www.youtube.com/watch?v=oQGhRkxL3iE
['Science & Technology'],en,https://www.youtube.com/watch?v=TIugGtLsMVk
['News & Politics'],en,https://www.youtube.com/watch?v=T_q0FDhCTFw
['Education'],en,https://www.youtube.com/watch?v=nSK-GWD_iqE
['Science & Technology'],en,https://www.youtube.com/watch?v=mCx3Jll2xec
['Entertainment'],en,https://www.youtube.com/watch?v=TlbDcoQyvZQ
['Howto & Style'],vi,https://www.youtube.com/watch?v=nbpd0uS3Lic
['Science & Technology'],en,https://www.youtube.com/watch?v=TL_rPhzICck
['Science & Technology'],en,https://www.youtube.com/watch?v=SC0rtcKNYLM
['Education'],en,https://www.youtube.com/watch?v=leBH9QpD9PQ
['Education'],en,https://www.youtube.com/watch?v=oD46muyl5y0
['Film & Animation'],Unknown,https://www.youtube.com/watch?v=lNAJWj9ttas
['News & Politics'],en,https://www.youtube.com/watch?v=kNSF78jsczk
['News & Politics'],en,https://www.youtube.com/watch?v=mOB93ZoHXN4
['Education'],en,https://www.youtube.com/watch?v=lWERkQeN1n4
['Education'],Unknown,https://www.youtube.com/watch?v=j6GRAM7GCk8
['News & Politics'],en,https://www.youtube.com/watch?v=XDR0kq90lYk
['Science & Technology'],en,https://www.youtube.com/watch?v=lEdg6oFiBxs
['Education'],en,https://www.youtube.com/watch?v=V2VRlzeMW6Q
['People & Blogs'],en,https://www.youtube.com/watch?v=iYPIYf5T8fw
['Science & Technology'],Unknown,https://www.youtube.com/watch?v=iGEYIevKkKs
['Education'],en,https://www.youtube.com/watch?v=VyDFDOhuPwM
['Education'],en,https://www.youtube.com/watch?v=keg0sMkmpng
['Education'],en,https://www.youtube.com/watch?v=WLHIB-SBAzU
['Education'],Unknown,https://www.youtube.com/watch?v=icLsDn8AQac
['News & Politics'],en,https://www.youtube.com/watch?v=WaxO3qKd2XM
['Nonprofits & Activism'],en,https://www.youtube.com/watch?v=icPdAYl5-yg
['Science & Technology'],en,https://www.youtube.com/watch?v=kjmiPyVSuSI
['Sports'],en,https://www.youtube.com/watch?v=jTtM_vaUcEM
['Science & Technology'],en,https://www.youtube.com/watch?v=kUGZbd2P6B8
['News & Politics'],en,https://www.youtube.com/watch?v=XGRU8rl7u9M
['Education'],en,https://www.youtube.com/watch?v=W6-O19Zgp34
['News & Politics'],en,https://www.youtube.com/watch?v=VSKSdAvhbeA
['Education'],en,https://www.youtube.com/watch?v=jUgJP88rfDQ
['Nonprofits & Activism'],en,https://www.youtube.com/watch?v=WCxUbREXI3I
['Education'],en,https://www.youtube.com/watch?v=lHAOJSeo5Cc
['Education'],hi,https://www.youtube.com/watch?v=jz-OviyyW4Y
['Education'],en,https://www.youtube.com/watch?v=iHEUc81TC_k
['Entertainment'],es,https://www.youtube.com/watch?v=jE7P5SRdt7U
['News & Politics'],de,https://www.youtube.com/watch?v=iUj6StnUw1w
['Science & Technology'],en,https://www.youtube.com/watch?v=jowe2U5vqVQ
['Science & Technology'],en,https://www.youtube.com/watch?v=kCNS-y2reTI
['Education'],en,https://www.youtube.com/watch?v=XML1uw75bnk
['News & Politics'],Unknown,https://www.youtube.com/watch?v=iQKhHj6E7oc
['Education'],en,https://www.youtube.com/watch?v=XsXHqJQ3EWA
['Education'],en,https://www.youtube.com/watch?v=Wzw1gEnI0Yc
['Entertainment'],en,https://www.youtube.com/watch?v=kxZVsWmuhys
['Education'],Unknown,https://www.youtube.com/watch?v=WS4PQseYLzc
['Science & Technology'],en,https://www.youtube.com/watch?v=jO15Sv_maY0
['Science & Technology'],Unknown,https://www.youtube.com/watch?v=iz_Y1lOtX08
['Education'],en,https://www.youtube.com/watch?v=iSGxxIkbY0A
['News & Politics'],en,https://www.youtube.com/watch?v=lAXtdMZYRfg
['Howto & Style'],en,https://www.youtube.com/watch?v=iiMx_ye86uI
['Entertainment'],en,https://www.youtube.com/watch?v=XFI1AODmhyk
['News & Politics'],en,https://www.youtube.com/watch?v=lF5SrvU6CLM
['Nonprofits & Activism'],Unknown,https://www.youtube.com/watch?v=XWdXqg5N050
['Entertainment'],en,https://www.youtube.com/watch?v=j87paFaAcdQ
['Sports'],en,https://www.youtube.com/watch?v=k60Q6ju7-gI
['People & Blogs'],en,https://www.youtube.com/watch?v=io8bsTxAZSg
['Education'],en,https://www.youtube.com/watch?v=Viuq6tRSx-8
['Sports'],en,https://www.youtube.com/watch?v=XV7toFTkU9U
['People & Blogs'],en,https://www.youtube.com/watch?v=Vh6eJWFA20M
['Education'],en,https://www.youtube.com/watch?v=iOpJGRyVH5g
['Education'],Unknown,https://www.youtube.com/watch?v=Xu-ffScvv68
['Education'],en,https://www.youtube.com/watch?v=ku2gcxTQXvA
['Gaming'],en,https://www.youtube.com/watch?v=X83q_pAutxk
['Gaming'],en,https://www.youtube.com/watch?v=Y2CjY-UGttU
['Science & Technology'],en,https://www.youtube.com/watch?v=XaN-H7dwQxs
['News & Politics'],hi,https://www.youtube.com/watch?v=XAk9GEUGa3A
['News & Politics'],en,https://www.youtube.com/watch?v=WNCmYC8Q80g
['News & Politics'],hi,https://www.youtube.com/watch?v=jJMPYFr-xjc
['Travel & Events'],en,https://www.youtube.com/watch?v=Wx7T6m1Pd7I
['Gaming'],en,https://www.youtube.com/watch?v=X6Ks18oFqVQ
['People & Blogs'],en,https://www.youtube.com/watch?v=WFum2fmhJA4
['Autos & Vehicles'],en,https://www.youtube.com/watch?v=kiccFHthrWM
['News & Politics'],en,https://www.youtube.com/watch?v=XTX-8OHiCu8
['Science & Technology'],en,https://www.youtube.com/watch?v=hsrTE3wHGtU
['News & Politics'],en,https://www.youtube.com/watch?v=Y-NlxydHN-0
['News & Politics'],en,https://www.youtube.com/watch?v=WOQq7qCf2Rw
['Howto & Style'],en,https://www.youtube.com/watch?v=kq5Z_ePqHgA
['News & Politics'],en,https://www.youtube.com/watch?v=V_HIWDjOEck
['Science & Technology'],en,https://www.youtube.com/watch?v=iA7T4MAqKUc
['Education'],Unknown,https://www.youtube.com/watch?v=Wt-9HKjwfiQ
['Film & Animation'],en,https://www.youtube.com/watch?v=i5tuhnSj9DY
['Education'],en,https://www.youtube.com/watch?v=id7ywAZz924
['Education'],en,https://www.youtube.com/watch?v=iAcleGDr73g
['Film & Animation'],en,https://www.youtube.com/watch?v=jKrYKyuIfCY
['Education'],en,https://www.youtube.com/watch?v=VZFbzq1XsEo
['Science & Technology'],en,https://www.youtube.com/watch?v=iDGHzfYLX2U
['Travel & Events'],en,https://www.youtube.com/watch?v=kjYN5ruwUoA
['Education'],Unknown,https://www.youtube.com/watch?v=V2fohvA-q-Y
['News & Politics'],en,https://www.youtube.com/watch?v=hwWSgn-ev_g
['Science & Technology'],en,https://www.youtube.com/watch?v=jiDEvYkAEvA
['People & Blogs'],hi,https://www.youtube.com/watch?v=VAfwGFMfNEk
['News & Politics'],en,https://www.youtube.com/watch?v=YSOAhEZ35ZY
['News & Politics'],fr,https://www.youtube.com/watch?v=jdDdTAXO73M
['Education'],en,https://www.youtube.com/watch?v=lG7aCqnWQ_8
['News & Politics'],en,https://www.youtube.com/watch?v=ijgDn7TpvZc
['Science & Technology'],en,https://www.youtube.com/watch?v=XhxpXxRk3uA
['Science & Technology'],en,https://www.youtube.com/watch?v=YBe41DpKnC0
['Education'],it,https://www.youtube.com/watch?v=jtZxT6lrtiM
['Education'],en,https://www.youtube.com/watch?v=jMula8kxgS0
['Entertainment'],en,https://www.youtube.com/watch?v=hwo1-Tug-Ak
['Science & Technology'],en,https://www.youtube.com/watch?v=lCgDiusuixM
['Education'],en,https://www.youtube.com/watch?v=jIHTqK7Yq1U
['Nonprofits & Activism'],en,https://www.youtube.com/watch?v=aY0FTqU0uio
['News & Politics'],en,https://www.youtube.com/watch?v=ionZmiP33-E
['News & Politics'],hi,https://www.youtube.com/watch?v=X-rX1xtDBQw
['Education'],hi,https://www.youtube.com/watch?v=iCffDXDcDq0
['Science & Technology'],en,https://www.youtube.com/watch?v=ealOVLDgsY8
['Nonprofits & Activism'],en,https://www.youtube.com/watch?v=l5MnkZJsfqo
['Sports'],en,https://www.youtube.com/watch?v=X-KIbo_0G5c
['Science & Technology'],en,https://www.youtube.com/watch?v=XUCLnXIFnjc
['News & Politics'],en,https://www.youtube.com/watch?v=iq9HA9E99ME
['People & Blogs'],en,https://www.youtube.com/watch?v=VFvst_r_Mqs
['Sports'],en,https://www.youtube.com/watch?v=iMZYfIPDGuM
['Science & Technology'],Unknown,https://www.youtube.com/watch?v=eSx5MgKp2iw
['Education'],en,https://www.youtube.com/watch?v=ZzSdb4MkhD4
['News & Politics'],en,https://www.youtube.com/watch?v=eVq9MBhWEmE
['Education'],hi,https://www.youtube.com/watch?v=h16HTccIYeI
['Science & Technology'],en,https://www.youtube.com/watch?v=h6sPCuAKkvM
['People & Blogs'],en,https://www.youtube.com/watch?v=g3lZ2uBvwus
['Entertainment'],en,https://www.youtube.com/watch?v=ZdNnZejTJT8
['Sports'],en,https://www.youtube.com/watch?v=fASj2PddiYU
['Education'],en,https://www.youtube.com/watch?v=hWZInc3apwk
['Education'],en,https://www.youtube.com/watch?v=f7DSOKHL2JU
['Howto & Style'],en,https://www.youtube.com/watch?v=gn11bxtB6lw
['People & Blogs'],en,https://www.youtube.com/watch?v=eor6Blxf33A
['Howto & Style'],en,https://www.youtube.com/watch?v=gyhd4KKxOuc
['Howto & Style'],en,https://www.youtube.com/watch?v=gJwMQf6OT6M
['Education'],en,https://www.youtube.com/watch?v=fmmfpEYAHFc
['Nonprofits & Activism'],en,https://www.youtube.com/watch?v=gbLf9EQvr8Q
['Education'],Unknown,https://www.youtube.com/watch?v=YvQOmGuYL-0
['Music'],en,https://www.youtube.com/watch?v=Yhqz4nmHQ8U
['Science & Technology'],en,https://www.youtube.com/watch?v=_qJcxJb7dx8
['News & Politics'],en,https://www.youtube.com/watch?v=aYqbTaOzolM
['Science & Technology'],en,https://www.youtube.com/watch?v=YhwA4BwfLN8
['Education'],en,https://www.youtube.com/watch?v=ZiA_dHjse_I
['Science & Technology'],en,https://www.youtube.com/watch?v=ZEIpdC_klDI
['News & Politics'],en,https://www.youtube.com/watch?v=_7lqMt_GukY
['News & Politics'],en,https://www.youtube.com/watch?v=_PF-2B2wzkk
['Gaming'],en,https://www.youtube.com/watch?v=aSRk690fQrg
['Nonprofits & Activism'],en,https://www.youtube.com/watch?v=avws811Ghzs
['News & Politics'],en,https://www.youtube.com/watch?v=f3BJlyeuMiY
['People & Blogs'],en,https://www.youtube.com/watch?v=aSm9HY3EKL0
['Science & Technology'],en,https://www.youtube.com/watch?v=hlcx_DtYFlM
['Science & Technology'],en,https://www.youtube.com/watch?v=avyAAkAgxLI
['Autos & Vehicles'],en,https://www.youtube.com/watch?v=fplzMyGmSKE
['Science & Technology'],en,https://www.youtube.com/watch?v=a-l0eaUaAcQ
['Education'],Unknown,https://www.youtube.com/watch?v=_lchfbXEC3M
['Education'],en,https://www.youtube.com/watch?v=hqtz1tTHoac
['Sports'],en,https://www.youtube.com/watch?v=YdaaWS-878c
['News & Politics'],en,https://www.youtube.com/watch?v=grDMacuwCRY
['Education'],hi,https://www.youtube.com/watch?v=fCAZXAuBK4k
['People & Blogs'],en,https://www.youtube.com/watch?v=ZCzDBEIdMNw
['Education'],hi,https://www.youtube.com/watch?v=hn-QV-_G4UA
['News & Politics'],en,https://www.youtube.com/watch?v=YwWqC-9a47Y
['News & Politics'],en,https://www.youtube.com/watch?v=hjknvdxZ3m4
['News & Politics'],hi,https://www.youtube.com/watch?v=ekdWEgaIXrM
['People & Blogs'],en,https://www.youtube.com/watch?v=af5teRFMKKI
['Education'],en,https://www.youtube.com/watch?v=Ye73XsuzxUw
['Education'],ru,https://www.youtube.com/watch?v=_W_J9Uk0fb8
['Sports'],en,https://www.youtube.com/watch?v=fE6T1zE9Sy4
['Education'],ru,https://www.youtube.com/watch?v=ZWbjTQ_JU64
['Science & Technology'],en,https://www.youtube.com/watch?v=gsEPhhkfWSk
['Autos & Vehicles'],en,https://www.youtube.com/watch?v=Z5Q1wMbx5BI
['News & Politics'],en,https://www.youtube.com/watch?v=YpUlQJTtEJw
['Science & Technology'],Unknown,https://www.youtube.com/watch?v=_ioZ8oHGNA0
['News & Politics'],en,https://www.youtube.com/watch?v=Yk8qIkcV5mE
['Travel & Events'],en,https://www.youtube.com/watch?v=gaoHWYKtjNk
['Entertainment'],en,https://www.youtube.com/watch?v=_IAW5cuBuvg
['People & Blogs'],en,https://www.youtube.com/watch?v=Zs16cYqE3_M
['Entertainment'],en,https://www.youtube.com/watch?v=h1V1zXkOpoA
['Education'],en,https://www.youtube.com/watch?v=gSXIAxYQvuo
['Entertainment'],en,https://www.youtube.com/watch?v=_dmfpdejvLQ
['Education'],en,https://www.youtube.com/watch?v=ZcVlXIVxKuk
['Science & Technology'],hi,https://www.youtube.com/watch?v=g3ZOCY8L9rI
['Education'],Unknown,https://www.youtube.com/watch?v=_Sv1g-Xrbzk
['Nonprofits & Activism'],en,https://www.youtube.com/watch?v=YhBWfAO4oqc
['Sports'],en,https://www.youtube.com/watch?v=_o-puO8ya5E
['Comedy'],en,https://www.youtube.com/watch?v=f94C_vmiu1c
['News & Politics'],Unknown,https://www.youtube.com/watch?v=aq7T6D65qjw
['Nonprofits & Activism'],en,https://www.youtube.com/watch?v=hIcmBxPbDLc
['Education'],en,https://www.youtube.com/watch?v=gBzZkQCqzyU
['Science & Technology'],en,https://www.youtube.com/watch?v=_-wnsPttBCo
['Film & Animation'],en,https://www.youtube.com/watch?v=hj60g06VQCk
['News & Politics'],en,https://www.youtube.com/watch?v=gTIa-XRmGTY
['Education'],en,https://www.youtube.com/watch?v=ZWiQSCE3g58
['People & Blogs'],Unknown,https://www.youtube.com/watch?v=ZSzVP59qcnw
['Howto & Style'],en,https://www.youtube.com/watch?v=hTELMv9cFHQ
['Gaming'],en,https://www.youtube.com/watch?v=ZygRehk3l4E
['Film & Animation'],en,https://www.youtube.com/watch?v=aJ0-djyNq50
['Education'],en,https://www.youtube.com/watch?v=_gI4xBimxcg
['Nonprofits & Activism'],en,https://www.youtube.com/watch?v=gK5hxM492pI
['Education'],en,https://www.youtube.com/watch?v=ge9X7FTTBi4
['Education'],en,https://www.youtube.com/watch?v=ZP0-4w8s3Bo
['Education'],en,https://www.youtube.com/watch?v=atrO_wyu2Yw
['Education'],en,https://www.youtube.com/watch?v=hRJ0y_b-QAs
['Education'],en,https://www.youtube.com/watch?v=gP84USrQhBY
['Education'],en,https://www.youtube.com/watch?v=aJWJ93I_6EA
['People & Blogs'],Unknown,https://www.youtube.com/watch?v=hDje8Buihp8
['Science & Technology'],en,https://www.youtube.com/watch?v=eXKarjQeFVo
['People & Blogs'],en,https://www.youtube.com/watch?v=gAH6s7mOolY
['News & Politics'],en,https://www.youtube.com/watch?v=h5m2RxIlyqU
['Entertainment'],en,https://www.youtube.com/watch?v=Z9eyYUlwJxg
['Science & Technology'],en,https://www.youtube.com/watch?v=_HdzRLcFPjU
['Gaming'],fr,https://www.youtube.com/watch?v=flyWQUS0UWk
['Education'],en,https://www.youtube.com/watch?v=aDR_G3QOpmM
['Education'],Unknown,https://www.youtube.com/watch?v=YpwqCsddXT8
['Nonprofits & Activism'],fr,https://www.youtube.com/watch?v=g4aVN2A8a4E
['News & Politics'],Unknown,https://www.youtube.com/watch?v=dElJOK_p868
['Education'],en,https://www.youtube.com/watch?v=h9teml0Qb8Y
['Education'],Unknown,https://www.youtube.com/watch?v=ctAv6xmKm6I
['Entertainment'],en,https://www.youtube.com/watch?v=hHQUIaPKryY
['Education'],en,https://www.youtube.com/watch?v=adW8d9knVcU
['Nonprofits & Activism'],en,https://www.youtube.com/watch?v=dwM6gSIWIbQ
['Science & Technology'],en,https://www.youtube.com/watch?v=Z_Qn9yEqmko
['Science & Technology'],en,https://www.youtube.com/watch?v=ccWys96EhPI
['Science & Technology'],en,https://www.youtube.com/watch?v=bGD2N494Mas
['News & Politics'],en,https://www.youtube.com/watch?v=e8YWFNyZivE
['News & Politics'],en,https://www.youtube.com/watch?v=d19HSDi1LPQ
['Education'],en,https://www.youtube.com/watch?v=cVGS1buFM9Q
['People & Blogs'],en,https://www.youtube.com/watch?v=bkBUA5IX56U
['News & Politics'],en,https://www.youtube.com/watch?v=dsWYjDuhVhE
['People & Blogs'],en,https://www.youtube.com/watch?v=b06zH72QNtI
['People & Blogs'],en,https://www.youtube.com/watch?v=cqtorAbrugQ
['Education'],en,https://www.youtube.com/watch?v=cv97STKxIKI
['Travel & Events'],en,https://www.youtube.com/watch?v=bQfBz1Hx6dM
['News & Politics'],hi,https://www.youtube.com/watch?v=eGVQJFyab48
['Nonprofits & Activism'],en,https://www.youtube.com/watch?v=dAAbz_h8vhY
['Sports'],es,https://www.youtube.com/watch?v=caDUVqrOu_M
['Education'],en,https://www.youtube.com/watch?v=cueh-C38m5s
['News & Politics'],en,https://www.youtube.com/watch?v=bdKaqmdRTVE
['Nonprofits & Activism'],en,https://www.youtube.com/watch?v=dNshc0bD4PA
['Nonprofits & Activism'],en,https://www.youtube.com/watch?v=cA-BfJvzBIo
['Film & Animation'],en,https://www.youtube.com/watch?v=bKy9wUn2mmQ
['Education'],en,https://www.youtube.com/watch?v=dp4x-2-QE_o
['News & Politics'],hi,https://www.youtube.com/watch?v=cASoDEsjxuQ
['News & Politics'],hi,https://www.youtube.com/watch?v=dtJ3o2NesTU
['Sports'],en,https://www.youtube.com/watch?v=dJ4QOHcj7AU
['News & Politics'],en,https://www.youtube.com/watch?v=d2Wfk3zgaS4
['Sports'],en,https://www.youtube.com/watch?v=d8375_awJQY
['Howto & Style'],en,https://www.youtube.com/watch?v=cv9tqITRczY
['People & Blogs'],en,https://www.youtube.com/watch?v=djTvYn_Po1g
['Sports'],en,https://www.youtube.com/watch?v=dX8oZiZurQc
['Education'],en,https://www.youtube.com/watch?v=dcgLyPXJT2c
['Sports'],en,https://www.youtube.com/watch?v=eFdR5tnk4RM
['Science & Technology'],en,https://www.youtube.com/watch?v=c3482qAzZLQ
['Science & Technology'],en,https://www.youtube.com/watch?v=cPz_l6FDaoI
['Nonprofits & Activism'],en,https://www.youtube.com/watch?v=d2ZAFfJBxEM
['Education'],en,https://www.youtube.com/watch?v=dyJVhDZeq-4
['Gaming'],en,https://www.youtube.com/watch?v=cD1MhEJkqCw
['Entertainment'],en,https://www.youtube.com/watch?v=czUvXRuo7eQ
['News & Politics'],en,https://www.youtube.com/watch?v=eL2ZfN3h_-A
['News & Politics'],hi,https://www.youtube.com/watch?v=d9HljnF5ax4
['Education'],en,https://www.youtube.com/watch?v=dhv5h-wspPI
['Entertainment'],en,https://www.youtube.com/watch?v=c2aE8cKYm78
['Nonprofits & Activism'],en,https://www.youtube.com/watch?v=cew7feC0AL8
['People & Blogs'],en,https://www.youtube.com/watch?v=cTs1XSisOS8
['Science & Technology'],en,https://www.youtube.com/watch?v=cQmWAOTmm5w
['News & Politics'],en,https://www.youtube.com/watch?v=dBKzZ-IXvjw
['Gaming'],en,https://www.youtube.com/watch?v=blt1qx-_pyc
['Education'],en,https://www.youtube.com/watch?v=buX06LKz258
['News & Politics'],en,https://www.youtube.com/watch?v=b4jXnb2HUW0
